{
  "full": {
    "0.9": {
      "mean": 0.0006015855316775893,
      "std": 0.0
    },
    "0.95": {
      "mean": 0.0006015855316775893,
      "std": 0.0
    },
    "0.99": {
      "mean": 0.0006015855316775893,
      "std": 0.0
    }
  },
  "h2o": {
    "0.9": {
      "mean": 1.77025965593657e-05,
      "std": 3.3881317890172014e-21
    },
    "0.95": {
      "mean": 1.77025965593657e-05,
      "std": 3.3881317890172014e-21
    },
    "0.99": {
      "mean": 0.0,
      "std": 0.0
    }
  },
  "cab": {
    "0.9": {
      "mean": 0.0,
      "std": 0.0
    },
    "0.95": {
      "mean": 0.0,
      "std": 0.0
    },
    "0.99": {
      "mean": 0.0,
      "std": 0.0
    }
  }
}