{
  "full": {
    "0.9": {
      "mean": 0.0004260738058124245,
      "std": 0.0005694070502317209
    },
    "0.95": {
      "mean": 0.0004260738058124245,
      "std": 0.0005694070502317209
    },
    "0.99": {
      "mean": 0.0004260738058124245,
      "std": 0.0005694070502317209
    }
  },
  "h2o": {
    "0.9": {
      "mean": 0.00026980731321926644,
      "std": 0.0005666747687047775
    },
    "0.95": {
      "mean": 0.00020554313633484753,
      "std": 0.0005714389604808798
    },
    "0.99": {
      "mean": 1.0485614505463683e-07,
      "std": 2.6229271424051866e-07
    }
  },
  "cab_v3": {
    "0.9": {
      "mean": 0.00027095694609248846,
      "std": 0.0005666242620296928
    },
    "0.95": {
      "mean": 3.3803858711059014e-05,
      "std": 4.237378904139024e-05
    },
    "0.99": {
      "mean": 1.0485614505463683e-07,
      "std": 2.6229271424051866e-07
    }
  }
}