{
  "full": {
    "0.9": {
      "mean": 0.0004260738058124245,
      "std": 0.0005694070502317209
    },
    "0.95": {
      "mean": 0.0004260738058124245,
      "std": 0.0005694070502317209
    },
    "0.99": {
      "mean": 0.0004260738058124245,
      "std": 0.0005694070502317209
    }
  },
  "h2o": {
    "0.9": {
      "mean": 0.0002527598474010016,
      "std": 0.0005674357811536126
    },
    "0.95": {
      "mean": 2.975797616672585e-06,
      "std": 2.464702093894791e-06
    },
    "0.99": {
      "mean": 2.975797616672585e-06,
      "std": 2.464702093894791e-06
    }
  },
  "cab": {
    "0.9": {
      "mean": 0.0,
      "std": 0.0
    },
    "0.95": {
      "mean": 0.0,
      "std": 0.0
    },
    "0.99": {
      "mean": 0.0,
      "std": 0.0
    }
  }
}