N,M,mean_ms,std_ms,min_ms,GFLOPS,mem_MB
1024,16,0.7706624031066894,0.018871621681240725,0.7423999905586243,0.2179112401526498,12.22265625
2048,32,0.7522303879261016,0.01226408510499275,0.7342079877853394,0.5662945911749688,18.126953125
4096,64,0.7590912044048309,0.011430796151014742,0.7434239983558655,1.7266963342404635,28.1328125
8192,128,0.7522304058074951,0.008421745449198948,0.7403519749641418,6.969779418012141,48.15625
16384,256,0.7746560037136078,0.05393137591743351,0.7444480061531067,35.19365482137177,88.25
32768,512,0.8436736106872559,0.008107724576380655,0.8335360288619995,203.8305593793745,168.625
65536,1024,1.5509503841400147,0.01074177463700685,1.5411200523376465,784.2598786127204,372.140625
131072,2048,4.383948802947998,0.019976126167942077,4.365312099456787,2085.6955979621325,944.15625
